"","StationCode","Survey","SubRegion","SQM","Region","Longitude","Latitude"
"1","323","20mm","San Pablo Bay",110952522.98,NA,-122.28281,38.04831
"2","328","20mm","San Pablo Bay",110952522.98,NA,-122.35,38.060306
"3","329","20mm","San Pablo Bay",110952522.98,NA,-122.304,38.063611
"4","334","20mm","San Pablo Bay",110952522.98,NA,-122.338,38.076389
"5","335","20mm","San Pablo Bay",110952522.98,NA,-122.324,38.071111
"6","336","20mm","San Pablo Bay",110952522.98,NA,-122.278,38.061083
"7","340","20mm","Lower Napa River",35732380.6852,NA,-122.26344,38.09928
"8","342","20mm","Lower Napa River",35732380.6852,NA,-122.28508,38.14586
"9","343","20mm","Lower Napa River",35732380.6852,NA,-122.31097,38.18581
"10","344","20mm","Upper Napa River",21496635.9763,NA,-122.30717,38.21247
"11","345","20mm","Upper Napa River",21496635.9763,NA,-122.29275,38.23178
"12","346","20mm","Upper Napa River",21496635.9763,NA,-122.28536,38.24092
"13","405","20mm","Carquinez Strait",48215634.4313,NA,-122.1505,38.03969
"14","411","20mm","West Suisun Bay",72782660.1103,"Suisun Bay",-122.08331,38.05131
"15","418","20mm","West Suisun Bay",72782660.1103,"Suisun Bay",-122.09781,38.06481
"16","501","20mm","Mid Suisun Bay",51881565.8622,"Suisun Bay",-122.02246,38.07338
"17","504","20mm","Mid Suisun Bay",51881565.8622,"Suisun Bay",-122.01372,38.06106
"18","508","20mm","Confluence",39171737.8896,"Confluence",-121.91881,38.0455
"19","513","20mm","Confluence",39171737.8896,"Confluence",-121.868,38.05831
"20","519","20mm","Honker Bay",26902815.8548,"Suisun Bay",-121.95969,38.07231
"21","520","20mm","Confluence",39171737.8896,"Confluence",-121.86931,38.03281
"22","602","20mm","Grizzly Bay",33367570.2238,"Suisun Bay",-122.04619,38.114
"23","606","20mm","Suisun Marsh",345614762.305,"Suisun Marsh",-122.02567,38.16947
"24","609","20mm","Suisun Marsh",345614762.305,"Suisun Marsh",-121.938,38.16719
"25","610","20mm","Suisun Marsh",345614762.305,"Suisun Marsh",-121.88919,38.11881
"26","703","20mm","Lower Sacramento River",62543303.8104,"Confluence",-121.79522,38.04219
"27","704","20mm","Lower Sacramento River",62543303.8104,"Confluence",-121.77528,38.06917
"28","705","20mm","Sacramento River near Rio Vista",44594324.2529,"Confluence",-121.70917,38.08711
"29","706","20mm","Lower Sacramento River",62543303.8104,"Confluence",-121.75069,38.08519
"30","707","20mm","Sacramento River near Rio Vista",44594324.2529,"Confluence",-121.7075,38.1135
"31","711","20mm","Sacramento River near Rio Vista",44594324.2529,"Confluence",-121.66531,38.17881
"32","716","20mm","Liberty Island",471689277.763,"North",-121.69164,38.25828
"33","718","20mm","Cache Slough and Lindsey Slough",471689277.763,"North",-121.7245,38.25831
"34","719","20mm","Lower Sacramento River Ship Channel",43530612.3389,"North",-121.64733,38.33428
"35","720","20mm","Cache Slough and Lindsey Slough",471689277.763,"North",-121.77419,38.26069
"36","723","20mm","Lower Cache Slough",26634131.9919,"North",-121.67348,38.23615
"37","724","20mm","Steamboat and Miner Slough",332493048.87,"North",-121.65944,38.2425
"38","726","20mm","Steamboat and Miner Slough",332493048.87,"North",-121.64,38.26917
"39","801","20mm","Confluence",39171737.8896,"Confluence",-121.844,38.04369
"40","804","20mm","Lower San Joaquin River",46190041.3284,"Confluence",-121.797,38.01819
"41","809","20mm","San Joaquin River at Twitchell Island",41103027.9845,"SouthCentral",-121.68919,38.0525
"42","812","20mm","San Joaquin River at Twitchell Island",41103027.9845,"SouthCentral",-121.6405,38.09031
"43","815","20mm","San Joaquin River at Prisoners Pt",31760556.5752,"SouthCentral",-121.56981,38.08
"44","901","20mm","Franks Tract",94761329.0714,"SouthCentral",-121.59525,38.04828
"45","902","20mm","Holland Cut",28298743.1694,"SouthCentral",-121.58219,38.01919
"46","906","20mm","San Joaquin River at Prisoners Pt",31760556.5752,"SouthCentral",-121.509,38.05169
"47","910","20mm","San Joaquin River near Stockton",60038703.4436,"SouthCentral",-121.44869,38.00181
"48","912","20mm","San Joaquin River near Stockton",60038703.4436,"SouthCentral",-121.36731,37.966
"49","914","20mm","Mildred Island",73617420.2724,"SouthCentral",-121.52,37.9715
"50","915","20mm","Old River",30414521.6339,"SouthCentral",-121.5635,37.9425
"51","918","20mm","Victoria Canal",43252269.9663,"SouthCentral",-121.56881,37.85931
"52","919","20mm","Lower Mokelumne River",213170012.36,"SouthCentral",-121.492,38.10481
"53","AM001S","DJFMP","Upper Sacramento River",332493048.87,NA,-121.5057333,38.59935675
"54","DS002S","DJFMP","Disappointment Slough",182085788.697,"SouthCentral",-121.4583571,38.05876504
"55","GS010E","DJFMP","Sacramento River near Ryde",184440250.0998,"North",-121.5271963,38.22585563
"56","LI001E","DJFMP","Liberty Island",471689277.763,"North",-121.6822745,38.241974
"57","LI001W","DJFMP","Liberty Island",471689277.763,"North",-121.6942435,38.277443
"58","LI002E","DJFMP","Liberty Island",471689277.763,"North",-121.6781385,38.246361
"59","LI002W","DJFMP","Liberty Island",471689277.763,"North",-121.6913945,38.269292
"60","LI003E","DJFMP","Liberty Island",471689277.763,"North",-121.6720725,38.255043
"61","LI003W","DJFMP","Liberty Island",471689277.763,"North",-121.6902733,38.257888
"62","LI004E","DJFMP","Liberty Island",471689277.763,"North",-121.6715572,38.26514
"63","LI004W","DJFMP","Liberty Island",471689277.763,"North",-121.686264,38.25268
"64","LI005E","DJFMP","Liberty Island",471689277.763,"North",-121.6669301,38.273775
"65","LI005W","DJFMP","Liberty Island",471689277.763,"North",-121.6864208,38.244607
"66","LI006E","DJFMP","Liberty Island",471689277.763,"North",-121.6660058,38.277432
"67","LI006W","DJFMP","Liberty Island",471689277.763,"North",-121.6923514,38.282226
"68","LI007E","DJFMP","Liberty Island",471689277.763,"North",-121.6655426,38.283997
"69","LI007W","DJFMP","Liberty Island",471689277.763,"North",-121.6874303,38.282495
"70","LI008E","DJFMP","Liberty Island",471689277.763,"North",-121.6672063,38.289305
"71","LI008W","DJFMP","Liberty Island",471689277.763,"North",-121.6920158,38.287548
"72","LI009E","DJFMP","Liberty Island",471689277.763,"North",-121.6677617,38.298324
"73","LI009W","DJFMP","Liberty Island",471689277.763,"North",-121.6917733,38.291502
"74","LI010E","DJFMP","Liberty Island",471689277.763,"North",-121.6677872,38.302559
"75","LI010W","DJFMP","Liberty Island",471689277.763,"North",-121.6910438,38.302191
"76","LI011E","DJFMP","Liberty Island",471689277.763,"North",-121.6676653,38.313598
"77","LP003E","DJFMP","Lower Mokelumne River",213170012.36,"SouthCentral",-121.5001684,38.10993564
"78","MK004W","DJFMP","Lower Mokelumne River",213170012.36,"SouthCentral",-121.5804697,38.12746155
"79","MR010W","DJFMP","Middle River",71508060.1596,"SouthCentral",-121.5287972,37.9217722
"80","MS001N","DJFMP","Lower Sacramento River",62543303.8104,"Confluence",-121.7855639,38.05604444
"81","OR003W","DJFMP","Holland Cut",28298743.1694,"SouthCentral",-121.581859,38.031977
"82","OR014W","DJFMP","Old River",30414521.6339,"SouthCentral",-121.5558943,37.92148633
"83","OR019E","DJFMP","Victoria Canal",43252269.9663,"SouthCentral",-121.5767796,37.87674206
"84","OR023E","DJFMP","Victoria Canal",43252269.9663,"SouthCentral",-121.551276,37.82567304
"85","SA001M","DJFMP","San Francisco Bay",0,NA,-122.3675382,37.81092979
"86","SA004W","DJFMP","San Francisco Bay",0,NA,-122.4948874,37.89139123
"87","SA007E","DJFMP","San Francisco Bay",0,NA,-122.3014014,37.85143906
"88","SA008W","DJFMP","San Francisco Bay",0,NA,-122.4668706,37.89841496
"89","SA009E","DJFMP","San Francisco Bay",0,NA,-122.3860448,37.91779546
"90","SA010W","DJFMP","San Francisco Bay",0,NA,-122.4984841,37.9395808
"91","SB001M","DJFMP","West Suisun Bay",72782660.1103,"Suisun Bay",-122.108137,38.0515
"92","SB001N","DJFMP","West Suisun Bay",72782660.1103,"Suisun Bay",-122.115107,38.059663
"93","SB001S","DJFMP","West Suisun Bay",72782660.1103,"Suisun Bay",-122.10333,38.045136
"94","SB001X","DJFMP","West Suisun Bay",72782660.1103,"Suisun Bay",-122.10818,38.050972
"95","SB018M","DJFMP","Confluence",39171737.8896,"Confluence",-121.909917,38.04598
"96","SB018N","DJFMP","Confluence",39171737.8896,"Confluence",-121.909917,38.047967
"97","SB018S","DJFMP","Confluence",39171737.8896,"Confluence",-121.909917,38.04283
"98","SB018X","DJFMP","Confluence",39171737.8896,"Confluence",-121.9112847,38.04365479
"99","SF014E","DJFMP","Upper Mokelumne River",213170012.36,"SouthCentral",-121.4911887,38.2269122
"100","SJ001S","DJFMP","Lower San Joaquin River",46190041.3284,"Confluence",-121.7827132,38.01480683
"101","SJ005N","DJFMP","Lower San Joaquin River",46190041.3284,"Confluence",-121.6994317,38.05079336
"102","SJ026S","DJFMP","San Joaquin River at Prisoners Pt",31760556.5752,"SouthCentral",-121.5098959,38.05160734
"103","SJ032S","DJFMP","San Joaquin River near Stockton",60038703.4436,"SouthCentral",-121.4473917,37.9973944
"104","SJ041N","DJFMP","San Joaquin River near Stockton",60038703.4436,"SouthCentral",-121.3462528,37.95562193
"105","SJ051E","DJFMP","Upper San Joaquin River",36515129.8834,"SouthCentral",-121.3113902,37.83069661
"106","SJ054M","DJFMP","Upper San Joaquin River",36515129.8834,"SouthCentral",-121.3208502,37.80534537
"107","SJ056E","DJFMP","Upper San Joaquin River",36515129.8834,"SouthCentral",-121.3073651,37.78703776
"108","SJ058E","DJFMP",NA,NA,NA,-121.3016392,37.77127404
"109","SJ058W","DJFMP",NA,NA,NA,-121.3030658,37.77243915
"110","SJ063W","DJFMP",NA,NA,NA,-121.2968653,37.72497212
"111","SJ065W","DJFMP",NA,NA,NA,-121.2787764,37.70940644
"112","SJ068W","DJFMP",NA,NA,NA,-121.2721691,37.69692686
"113","SJ070N","DJFMP",NA,NA,NA,-121.2746579,37.68741925
"114","SJ074A","DJFMP",NA,NA,NA,-121.2467263,37.66621575
"115","SJ074W","DJFMP",NA,NA,NA,-121.244883,37.67227165
"116","SJ076W","DJFMP",NA,NA,NA,-121.2239856,37.64758043
"117","SJ077E","DJFMP",NA,NA,NA,-121.2274124,37.63883594
"118","SJ079E","DJFMP",NA,NA,NA,-121.2103708,37.63161206
"119","SJ083W","DJFMP",NA,NA,NA,-121.176304,37.6131828
"120","SJ087W","DJFMP",NA,NA,NA,-121.164823,37.58019
"121","SP000W","DJFMP","San Pablo Bay",110952522.98,NA,-122.4550107,37.99504183
"122","SP001W","DJFMP","San Pablo Bay",110952522.98,NA,-122.4672713,38.00207391
"123","SP003E","DJFMP","San Pablo Bay",110952522.98,NA,-122.3596151,38.00703474
"124","SR012E","DJFMP","Sacramento River near Rio Vista",44594324.2529,"Confluence",-121.6865463,38.13272407
"125","SR012W","DJFMP","Sacramento River near Rio Vista",44594324.2529,"Confluence",-121.6949056,38.1392889
"126","SR014W","DJFMP","Lower Cache Slough",26634131.9919,"North",-121.6626646,38.18651797
"127","SR017E","DJFMP","Sacramento River near Ryde",184440250.0998,"North",-121.6115749,38.16272799
"128","SR024E","DJFMP","Sacramento River near Ryde",184440250.0998,"North",-121.5547949,38.24039242
"129","SR036E","DJFMP","Middle Sacramento River",332493048.87,"North",-121.547149,38.345671
"130","SR036M","DJFMP","Middle Sacramento River",332493048.87,"North",-121.547479,38.346228
"131","SR036W","DJFMP","Middle Sacramento River",332493048.87,"North",-121.54753,38.346744
"132","SR037E","DJFMP","Middle Sacramento River",332493048.87,"North",-121.530598,38.352899
"133","SR037M","DJFMP","Middle Sacramento River",332493048.87,"North",-121.532127,38.353174
"134","SR037W","DJFMP","Middle Sacramento River",332493048.87,"North",-121.532247,38.353518
"135","SR038E","DJFMP","Middle Sacramento River",332493048.87,"North",-121.520038,38.364062
"136","SR038M","DJFMP","Middle Sacramento River",332493048.87,"North",-121.520875,38.363999
"137","SR038W","DJFMP","Middle Sacramento River",332493048.87,"North",-121.521841,38.364054
"138","SR043M","DJFMP","Middle Sacramento River",332493048.87,"North",-121.532257,38.429379
"139","SR043W","DJFMP","Middle Sacramento River",332493048.87,"North",-121.5208997,38.38304913
"140","SR049E","DJFMP","Upper Sacramento River",332493048.87,NA,-121.543378,38.47805124
"141","SR055E","DJFMP","Upper Sacramento River",332493048.87,NA,-121.5293747,38.52739416
"142","SR055M","DJFMP","Upper Sacramento River",332493048.87,NA,-121.5239083,38.5334833
"143","SR055W","DJFMP","Upper Sacramento River",332493048.87,NA,-121.531403,38.529586
"144","SR055X","DJFMP","Upper Sacramento River",332493048.87,NA,-121.522732,38.533524
"145","SR057E","DJFMP","Upper Sacramento River",332493048.87,NA,-121.5163611,38.559775
"146","SR060E","DJFMP","Upper Sacramento River",332493048.87,NA,-121.5091653,38.60053595
"147","SR062E","DJFMP",NA,NA,NA,-121.5428694,38.5992222
"148","SR071E","DJFMP",NA,NA,NA,-121.6248473,38.67274584
"149","SR080E","DJFMP",NA,NA,NA,-121.6178397,38.78414982
"150","SR090W","DJFMP",NA,NA,NA,-121.723532,38.80134714
"151","SR094E","DJFMP",NA,NA,NA,-121.7265503,38.85300492
"152","SR119E","DJFMP",NA,NA,NA,-121.8220253,39.02464916
"153","SR130E","DJFMP",NA,NA,NA,-121.9032922,39.1106217
"154","SR138E","DJFMP",NA,NA,NA,-121.9371027,39.1942668
"155","SR144W","DJFMP",NA,NA,NA,-122.014965,39.21999207
"156","SS011N","DJFMP","Middle Sacramento River",332493048.87,"North",-121.5749397,38.30472188
"157","TM001N","DJFMP","Sacramento River near Rio Vista",44594324.2529,"Confluence",-121.6837998,38.11666073
"158","WD002W","DJFMP","Rock Slough and Discovery Bay",61462064.9065,NA,-121.6042633,37.95546975
"159","XC001N","DJFMP","Upper Mokelumne River",213170012.36,"SouthCentral",-121.5037624,38.24552036
"160","C10","EMP",NA,NA,NA,-121.265,37.67575
"161","C10A","EMP",NA,NA,NA,-121.2647,37.67934
"162","C3","EMP","Middle Sacramento River",332493048.87,"North",-121.5461,38.34575
"163","C3A","EMP","Middle Sacramento River",332493048.87,"North",-121.5205,38.36771
"164","C7","EMP","Upper San Joaquin River",36515129.8834,"SouthCentral",-121.3077,37.78607
"165","C9","EMP","Victoria Canal",43252269.9663,"SouthCentral",-121.554,37.83095
"166","D10","EMP","Confluence",39171737.8896,"Confluence",-121.9183,38.04631
"167","D11","EMP","Lower Sacramento River",62543303.8104,"Confluence",-121.7995,38.04229
"168","D12","EMP","Lower San Joaquin River",46190041.3284,"Confluence",-121.8063,38.02161
"169","D14A","EMP","Lower San Joaquin River",46190041.3284,"Confluence",-121.7114,38.01776
"170","D15","EMP","San Joaquin River at Twitchell Island",41103027.9845,"SouthCentral",-121.6896,38.05217
"171","D16","EMP","San Joaquin River at Twitchell Island",41103027.9845,"SouthCentral",-121.6691,38.0969
"172","D19","EMP","Franks Tract",94761329.0714,"SouthCentral",-121.6148,38.04376
"173","D2","EMP","Mid Suisun Bay",51881565.8622,"Suisun Bay",-122.0545,38.06544
"174","D22","EMP","Sacramento River near Rio Vista",44594324.2529,"Confluence",-121.7391,38.08453
"175","D24","EMP","Sacramento River near Rio Vista",44594324.2529,"Confluence",-121.6847,38.15778
"176","D26","EMP","San Joaquin River at Prisoners Pt",31760556.5752,"SouthCentral",-121.5669,38.07664
"177","D28A","EMP","Old River",30414521.6339,"SouthCentral",-121.573,37.97048
"178","D4","EMP","Lower Sacramento River",62543303.8104,"Confluence",-121.8205,38.06248
"179","D41","EMP","San Pablo Bay",110952522.98,NA,-122.3729,38.03022
"180","D41A","EMP","San Pablo Bay",110952522.98,NA,-122.3907,38.08472
"181","D42","EMP","San Pablo Bay",110952522.98,NA,-122.2847,38.05872
"182","D6","EMP","West Suisun Bay",72782660.1103,"Suisun Bay",-122.1177,38.04436
"183","D7","EMP","Grizzly Bay",33367570.2238,"Suisun Bay",-122.0397,38.11714
"184","D8","EMP","Mid Suisun Bay",51881565.8622,"Suisun Bay",-121.99,38.05992
"185","D9","EMP","Honker Bay",26902815.8548,"Suisun Bay",-121.9392,38.07244
"186","MD10","EMP","Disappointment Slough",182085788.697,"SouthCentral",-121.4188,38.04381
"187","MD10A","EMP","Disappointment Slough",182085788.697,"SouthCentral",-121.4199,38.04226
"188","MD6","EMP","Lower Mokelumne River",213170012.36,"SouthCentral",-121.4687,38.1415
"189","MD7","EMP","Lower Mokelumne River",213170012.36,"SouthCentral",-121.497,38.12513
"190","MD7A","EMP","Lower Mokelumne River",213170012.36,"SouthCentral",-121.498,38.11382
"191","NZ002","EMP","Carquinez Strait",48215634.4313,NA,-122.2069444,38.06027778
"192","NZ004","EMP","Carquinez Strait",48215634.4313,NA,-122.1583333,38.02916667
"193","NZ028","EMP","Grizzly Bay",33367570.2238,"Suisun Bay",-122.0472222,38.11722222
"194","NZ032","EMP","Suisun Marsh",345614762.305,"Suisun Marsh",-122.0208333,38.17027778
"195","NZ048","EMP","Mid Suisun Bay",51881565.8622,"Suisun Bay",-121.9958333,38.06
"196","NZ054","EMP","Confluence",39171737.8896,"Confluence",-121.9063889,38.04583333
"197","NZ060","EMP","Lower Sacramento River",62543303.8104,"Confluence",-121.8288889,38.06444444
"198","NZ064","EMP","Sacramento River near Rio Vista",44594324.2529,"Confluence",-121.7380556,38.08472222
"199","NZ068","EMP","Sacramento River near Rio Vista",44594324.2529,"Confluence",-121.6895,38.14272
"200","NZ074","EMP","Lower San Joaquin River",46190041.3284,"Confluence",-121.8036111,38.02222222
"201","NZ086","EMP","San Joaquin River at Prisoners Pt",31760556.5752,"SouthCentral",-121.5702778,38.07777778
"202","NZ092","EMP","San Joaquin River near Stockton",60038703.4436,"SouthCentral",-121.3819444,37.97833333
"203","NZ325","EMP","San Pablo Bay",110952522.98,NA,-122.2888889,38.05777778
"204","NZ41A","EMP","San Pablo Bay",110952522.98,NA,-122.4111111,38.07083333
"205","NZD06","EMP","West Suisun Bay",72782660.1103,"Suisun Bay",-122.1166667,38.04436
"206","NZD16","EMP","San Joaquin River at Twitchell Island",41103027.9845,"SouthCentral",-121.6666667,38.09722222
"207","NZD19","EMP","Franks Tract",94761329.0714,"SouthCentral",-121.6136111,38.04388889
"208","NZD28","EMP","Holland Cut",28298743.1694,"SouthCentral",-121.5772222,37.98277778
"209","NZD41","EMP","San Pablo Bay",110952522.98,NA,-122.3708333,38.03055556
"210","NZM10","EMP","Disappointment Slough",182085788.697,"SouthCentral",-121.4263889,38.04361111
"211","NZS42","EMP","Suisun Marsh",345614762.305,"Suisun Marsh",-122.0472222,38.18055556
"212","P10","EMP","Middle River",71508060.1596,"SouthCentral",-121.4894,37.8912
"213","P10A","EMP","Middle River",71508060.1596,"SouthCentral",-121.4883,37.89126
"214","P12","EMP","Grant Line Canal and Old River",237261246.029,NA,-121.45,37.80472
"215","P12A","EMP","Grant Line Canal and Old River",237261246.029,NA,-121.4569,37.80284
"216","P2","EMP",NA,NA,NA,-121.4403,38.25542
"217","P8","EMP","San Joaquin River near Stockton",60038703.4436,"SouthCentral",-121.3823,37.97817
"218","S42","EMP","Suisun Marsh",345614762.305,"Suisun Marsh",-122.0469,38.18047
"219","72","FMWT","Sacramento River near Ryde",184440250.0998,"North",-121.58057,38.18775
"220","73","FMWT","Middle Sacramento River",332493048.87,"North",-121.53937,38.27433
"221","305","FMWT","San Pablo Bay",110952522.98,NA,-122.4086,37.9987
"222","306","FMWT","San Pablo Bay",110952522.98,NA,-122.41488,38.00042
"223","307","FMWT","San Pablo Bay",110952522.98,NA,-122.4192,38.00472
"224","308","FMWT","San Pablo Bay",110952522.98,NA,-122.40438,38.01745
"225","309","FMWT","San Pablo Bay",110952522.98,NA,-122.39387,38.01442
"226","310","FMWT","San Pablo Bay",110952522.98,NA,-122.37355,38.0297
"227","311","FMWT","San Pablo Bay",110952522.98,NA,-122.37743,38.02087
"228","314","FMWT","San Pablo Bay",110952522.98,NA,-122.41167,38.02812
"229","315","FMWT","San Pablo Bay",110952522.98,NA,-122.3936,38.03815
"230","321","FMWT","San Pablo Bay",110952522.98,NA,-122.36103,38.03612
"231","322","FMWT","San Pablo Bay",110952522.98,NA,-122.35078,38.02363
"232","323","FMWT","San Pablo Bay",110952522.98,NA,-122.32817,38.02853
"233","325","FMWT","San Pablo Bay",110952522.98,NA,-122.2955,38.05605
"234","326","FMWT","San Pablo Bay",110952522.98,NA,-122.29592,38.04038
"235","327","FMWT","San Pablo Bay",110952522.98,NA,-122.36672,38.04772
"236","328","FMWT","San Pablo Bay",110952522.98,NA,-122.34842,38.06005
"237","329","FMWT","San Pablo Bay",110952522.98,NA,-122.30588,38.06312
"238","334","FMWT","San Pablo Bay",110952522.98,NA,-122.33933,38.07553
"239","335","FMWT","San Pablo Bay",110952522.98,NA,-122.3243,38.0705
"240","336","FMWT","San Pablo Bay",110952522.98,NA,-122.27875,38.06275
"241","337","FMWT","San Pablo Bay",110952522.98,NA,-122.27232,38.0595
"242","338","FMWT","Carquinez Strait",48215634.4313,NA,-122.24892,38.06003
"243","339","FMWT","Carquinez Strait",48215634.4313,NA,-122.2568,38.0667
"244","340","FMWT","Lower Napa River",35732380.6852,NA,-122.26988,38.10508
"245","341","FMWT","Lower Napa River",35732380.6852,NA,-122.2802,38.12828
"246","401","FMWT","Carquinez Strait",48215634.4313,NA,-122.21245,38.05758
"247","403","FMWT","Carquinez Strait",48215634.4313,NA,-122.17192,38.04883
"248","404","FMWT","Carquinez Strait",48215634.4313,NA,-122.17887,38.04645
"249","405","FMWT","Carquinez Strait",48215634.4313,NA,-122.15815,38.03353
"250","406","FMWT","Carquinez Strait",48215634.4313,NA,-122.15057,38.028
"251","407","FMWT","Carquinez Strait",48215634.4313,NA,-122.14515,38.03298
"252","408","FMWT","West Suisun Bay",72782660.1103,"Suisun Bay",-122.12897,38.03513
"253","409","FMWT","West Suisun Bay",72782660.1103,"Suisun Bay",-122.10637,38.04455
"254","410","FMWT","West Suisun Bay",72782660.1103,"Suisun Bay",-122.09647,38.04883
"255","411","FMWT","West Suisun Bay",72782660.1103,"Suisun Bay",-122.06828,38.06117
"256","412","FMWT","West Suisun Bay",72782660.1103,"Suisun Bay",-122.06007,38.06462
"257","413","FMWT","Mid Suisun Bay",51881565.8622,"Suisun Bay",-122.0473,38.06595
"258","414","FMWT","West Suisun Bay",72782660.1103,"Suisun Bay",-122.11128,38.05213
"259","415","FMWT","West Suisun Bay",72782660.1103,"Suisun Bay",-122.10772,38.05678
"260","416","FMWT","West Suisun Bay",72782660.1103,"Suisun Bay",-122.09415,38.0702
"261","417","FMWT","West Suisun Bay",72782660.1103,"Suisun Bay",-122.083,38.08075
"262","418","FMWT","West Suisun Bay",72782660.1103,"Suisun Bay",-122.06973,38.09383
"263","501","FMWT","Mid Suisun Bay",51881565.8622,"Suisun Bay",-122.01955,38.06167
"264","502","FMWT","Mid Suisun Bay",51881565.8622,"Suisun Bay",-122.00397,38.05997
"265","503","FMWT","Mid Suisun Bay",51881565.8622,"Suisun Bay",-121.9832,38.06022
"266","504","FMWT","Mid Suisun Bay",51881565.8622,"Suisun Bay",-121.9767,38.05945
"267","505","FMWT","Honker Bay",26902815.8548,"Suisun Bay",-121.95597,38.05713
"268","507","FMWT","Honker Bay",26902815.8548,"Suisun Bay",-121.939,38.05228
"269","508","FMWT","Confluence",39171737.8896,"Confluence",-121.91492,38.04813
"270","509","FMWT","Confluence",39171737.8896,"Confluence",-121.90412,38.04547
"271","510","FMWT","Confluence",39171737.8896,"Confluence",-121.88783,38.04888
"272","511","FMWT","Confluence",39171737.8896,"Confluence",-121.88,38.0513
"273","512","FMWT","Confluence",39171737.8896,"Confluence",-121.87722,38.05638
"274","513","FMWT","Confluence",39171737.8896,"Confluence",-121.86842,38.0592
"275","515","FMWT","Mid Suisun Bay",51881565.8622,"Suisun Bay",-122.01472,38.092
"276","516","FMWT","Mid Suisun Bay",51881565.8622,"Suisun Bay",-121.99408,38.07867
"277","517","FMWT","Mid Suisun Bay",51881565.8622,"Suisun Bay",-121.97938,38.07022
"278","518","FMWT","Honker Bay",26902815.8548,"Suisun Bay",-121.96802,38.06875
"279","519","FMWT","Honker Bay",26902815.8548,"Suisun Bay",-121.94725,38.07378
"280","601","FMWT","Mid Suisun Bay",51881565.8622,"Suisun Bay",-122.0356,38.1031
"281","602","FMWT","Grizzly Bay",33367570.2238,"Suisun Bay",-122.04183,38.11783
"282","603","FMWT","Grizzly Bay",33367570.2238,"Suisun Bay",-122.04805,38.11552
"283","604","FMWT","Grizzly Bay",33367570.2238,"Suisun Bay",-122.05717,38.12163
"284","605","FMWT","Suisun Marsh",345614762.305,"Suisun Marsh",-122.05738,38.14853
"285","606","FMWT","Suisun Marsh",345614762.305,"Suisun Marsh",-122.02177,38.1698
"286","608","FMWT","Suisun Marsh",345614762.305,"Suisun Marsh",-121.88332,38.0887
"287","701","FMWT","Lower Sacramento River",62543303.8104,"Confluence",-121.83475,38.06505
"288","703","FMWT","Lower Sacramento River",62543303.8104,"Confluence",-121.79692,38.06087
"289","704","FMWT","Lower Sacramento River",62543303.8104,"Confluence",-121.77892,38.07087
"290","705","FMWT","Lower Sacramento River",62543303.8104,"Confluence",-121.7618,38.07925
"291","706","FMWT","Sacramento River near Rio Vista",44594324.2529,"Confluence",-121.74,38.0903
"292","707","FMWT","Sacramento River near Rio Vista",44594324.2529,"Confluence",-121.70797,38.11397
"293","708","FMWT","Sacramento River near Rio Vista",44594324.2529,"Confluence",-121.6967,38.12608
"294","709","FMWT","Sacramento River near Rio Vista",44594324.2529,"Confluence",-121.69048,38.14787
"295","710","FMWT","Sacramento River near Rio Vista",44594324.2529,"Confluence",-121.68228,38.162
"296","711","FMWT","Sacramento River near Rio Vista",44594324.2529,"Confluence",-121.67028,38.17595
"297","712","FMWT","Steamboat and Miner Slough",332493048.87,"North",-121.64095,38.19042
"298","713","FMWT","Lower Cache Slough",26634131.9919,"North",-121.66008,38.20712
"299","715","FMWT","Lower Cache Slough",26634131.9919,"North",-121.67362,38.22295
"300","716","FMWT","Liberty Island",471689277.763,"North",-121.68438,38.23787
"301","717","FMWT","Sacramento River near Ryde",184440250.0998,"North",-121.63138,38.17017
"302","719","FMWT","Lower Sacramento River Ship Channel",43530612.3389,"North",-121.64733,38.33428
"303","721","FMWT","Cache Slough and Lindsey Slough",471689277.763,"North",-121.70277,38.26815
"304","723","FMWT","Lower Cache Slough",26634131.9919,"North",-121.67348,38.23615
"305","724","FMWT","Sacramento River near Ryde",184440250.0998,"North",-121.55878,38.23578
"306","735","FMWT","Middle Sacramento River",332493048.87,"North",-121.56968,38.33343
"307","736","FMWT","Middle Sacramento River",332493048.87,"North",-121.5214,38.36737
"308","795","FMWT","Upper Sacramento River Ship Channel",43530612.3389,"North",-121.58468,38.5377
"309","796","FMWT","Upper Sacramento River Ship Channel",43530612.3389,"North",-121.5844,38.47387
"310","797","FMWT","Upper Sacramento River Ship Channel",43530612.3389,"North",-121.6156,38.40462
"311","802","FMWT","Confluence",39171737.8896,"Confluence",-121.83875,38.03528
"312","804","FMWT","Lower San Joaquin River",46190041.3284,"Confluence",-121.79868,38.02308
"313","806","FMWT","Lower San Joaquin River",46190041.3284,"Confluence",-121.7617,38.02872
"314","807","FMWT","Lower San Joaquin River",46190041.3284,"Confluence",-121.73203,38.02995
"315","808","FMWT","Lower San Joaquin River",46190041.3284,"Confluence",-121.71942,38.03337
"316","809","FMWT","San Joaquin River at Twitchell Island",41103027.9845,"SouthCentral",-121.69305,38.0512
"317","810","FMWT","San Joaquin River at Twitchell Island",41103027.9845,"SouthCentral",-121.67622,38.07083
"318","811","FMWT","San Joaquin River at Twitchell Island",41103027.9845,"SouthCentral",-121.66487,38.09742
"319","812","FMWT","San Joaquin River at Twitchell Island",41103027.9845,"SouthCentral",-121.64883,38.08792
"320","813","FMWT","San Joaquin River at Twitchell Island",41103027.9845,"SouthCentral",-121.62767,38.09978
"321","814","FMWT","San Joaquin River at Prisoners Pt",31760556.5752,"SouthCentral",-121.6022,38.10128
"322","815","FMWT","San Joaquin River at Prisoners Pt",31760556.5752,"SouthCentral",-121.57587,38.0913
"323","902","FMWT","Holland Cut",28298743.1694,"SouthCentral",-121.58255,38.0205
"324","903","FMWT","Lower Mokelumne River",213170012.36,"SouthCentral",-121.56747,38.10628
"325","904","FMWT","San Joaquin River at Prisoners Pt",31760556.5752,"SouthCentral",-121.56847,38.07828
"326","905","FMWT","San Joaquin River at Prisoners Pt",31760556.5752,"SouthCentral",-121.55573,38.05953
"327","906","FMWT","San Joaquin River at Prisoners Pt",31760556.5752,"SouthCentral",-121.51653,38.05412
"328","908","FMWT","San Joaquin River at Prisoners Pt",31760556.5752,"SouthCentral",-121.5298,38.04308
"329","909","FMWT","San Joaquin River near Stockton",60038703.4436,"SouthCentral",-121.46705,38.02442
"330","910","FMWT","San Joaquin River near Stockton",60038703.4436,"SouthCentral",-121.45037,38.00228
"331","911","FMWT","San Joaquin River near Stockton",60038703.4436,"SouthCentral",-121.40875,37.99247
"332","912","FMWT","San Joaquin River near Stockton",60038703.4436,"SouthCentral",-121.37172,37.96883
"333","913","FMWT","Mildred Island",73617420.2724,"SouthCentral",-121.53705,37.97012
"334","914","FMWT","Middle River",71508060.1596,"SouthCentral",-121.53475,37.94662
"335","915","FMWT","Old River",30414521.6339,"SouthCentral",-121.55908,37.949
"336","919","FMWT","Lower Mokelumne River",213170012.36,"SouthCentral",-121.49525,38.10572
"337","920","FMWT","Lower Mokelumne River",213170012.36,"SouthCentral",-121.50475,38.14138
"338","921","FMWT","Upper Mokelumne River",213170012.36,"SouthCentral",-121.49303,38.16513
"339","922","FMWT","Upper Mokelumne River",213170012.36,"SouthCentral",-121.4789,38.20438
"340","923","FMWT","Lower Mokelumne River",213170012.36,"SouthCentral",-121.56625,38.13445
"341","340","SKT","Lower Napa River",35732380.6852,NA,-122.26344,38.09928
"342","405","SKT","Carquinez Strait",48215634.4313,NA,-122.1505,38.03969
"343","411","SKT","West Suisun Bay",72782660.1103,"Suisun Bay",-122.08331,38.05131
"344","418","SKT","West Suisun Bay",72782660.1103,"Suisun Bay",-122.09781,38.06481
"345","501","SKT","Mid Suisun Bay",51881565.8622,"Suisun Bay",-122.02246,38.07338
"346","504","SKT","Mid Suisun Bay",51881565.8622,"Suisun Bay",-122.01372,38.06106
"347","508","SKT","Confluence",39171737.8896,"Confluence",-121.91881,38.0455
"348","513","SKT","Confluence",39171737.8896,"Confluence",-121.868,38.05831
"349","519","SKT","Honker Bay",26902815.8548,"Suisun Bay",-121.95969,38.07231
"350","520","SKT","Confluence",39171737.8896,"Confluence",-121.86931,38.03281
"351","602","SKT","Grizzly Bay",33367570.2238,"Suisun Bay",-122.04619,38.114
"352","606","SKT","Suisun Marsh",345614762.305,"Suisun Marsh",-122.02567,38.16947
"353","609","SKT","Suisun Marsh",345614762.305,"Suisun Marsh",-121.938,38.16719
"354","610","SKT","Suisun Marsh",345614762.305,"Suisun Marsh",-121.88919,38.11881
"355","704","SKT","Lower Sacramento River",62543303.8104,"Confluence",-121.77528,38.06917
"356","706","SKT","Lower Sacramento River",62543303.8104,"Confluence",-121.75069,38.08519
"357","707","SKT","Sacramento River near Rio Vista",44594324.2529,"Confluence",-121.7075,38.1135
"358","711","SKT","Sacramento River near Rio Vista",44594324.2529,"Confluence",-121.66531,38.17881
"359","712","SKT","Steamboat and Miner Slough",332493048.87,"North",-121.64095,38.19042
"360","713","SKT","Lower Cache Slough",26634131.9919,"North",-121.66008,38.20712
"361","715","SKT","Lower Cache Slough",26634131.9919,"North",-121.67362,38.22295
"362","716","SKT","Liberty Island",471689277.763,"North",-121.69164,38.25828
"363","719","SKT","Lower Sacramento River Ship Channel",43530612.3389,"North",-121.64733,38.33428
"364","724","SKT","Sacramento River near Ryde",184440250.0998,"North",-121.55878,38.23578
"365","801","SKT","Confluence",39171737.8896,"Confluence",-121.844,38.04369
"366","804","SKT","Lower San Joaquin River",46190041.3284,"Confluence",-121.797,38.01819
"367","809","SKT","San Joaquin River at Twitchell Island",41103027.9845,"SouthCentral",-121.68919,38.0525
"368","812","SKT","San Joaquin River at Twitchell Island",41103027.9845,"SouthCentral",-121.6405,38.09031
"369","815","SKT","San Joaquin River at Prisoners Pt",31760556.5752,"SouthCentral",-121.56981,38.08
"370","902","SKT","Holland Cut",28298743.1694,"SouthCentral",-121.58219,38.01919
"371","906","SKT","San Joaquin River at Prisoners Pt",31760556.5752,"SouthCentral",-121.509,38.05169
"372","910","SKT","San Joaquin River near Stockton",60038703.4436,"SouthCentral",-121.44869,38.00181
"373","912","SKT","San Joaquin River near Stockton",60038703.4436,"SouthCentral",-121.36731,37.966
"374","914","SKT","Mildred Island",73617420.2724,"SouthCentral",-121.52,37.9715
"375","915","SKT","Old River",30414521.6339,"SouthCentral",-121.5635,37.9425
"376","919","SKT","Lower Mokelumne River",213170012.36,"SouthCentral",-121.492,38.10481
"377","920","SKT","Lower Mokelumne River",213170012.36,"SouthCentral",-121.50475,38.14138
"378","921","SKT","Upper Mokelumne River",213170012.36,"SouthCentral",-121.49303,38.16513
"379","922","SKT","Upper Mokelumne River",213170012.36,"SouthCentral",-121.4789,38.20438
"380","923","SKT","Lower Mokelumne River",213170012.36,"SouthCentral",-121.56625,38.13445
"381","323","TNS","San Pablo Bay",110952522.98,NA,-122.28281,38.04831
"382","340","TNS","Lower Napa River",35732380.6852,NA,-122.26945,38.10391
"383","405","TNS","Carquinez Strait",48215634.4313,NA,-122.1505,38.03806
"384","411","TNS","West Suisun Bay",72782660.1103,"Suisun Bay",-122.08331,38.05131
"385","418","TNS","West Suisun Bay",72782660.1103,"Suisun Bay",-122.09781,38.06481
"386","501","TNS","Mid Suisun Bay",51881565.8622,"Suisun Bay",-122.02246,38.07338
"387","504","TNS","Mid Suisun Bay",51881565.8622,"Suisun Bay",-122.01372,38.06106
"388","508","TNS","Confluence",39171737.8896,"Confluence",-121.923,38.04556
"389","513","TNS","Confluence",39171737.8896,"Confluence",-121.864,38.05946
"390","519","TNS","Honker Bay",26902815.8548,"Suisun Bay",-121.95969,38.07231
"391","520","TNS","Confluence",39171737.8896,"Confluence",-121.86931,38.03281
"392","602","TNS","Grizzly Bay",33367570.2238,"Suisun Bay",-122.04619,38.114
"393","606","TNS","Suisun Marsh",345614762.305,"Suisun Marsh",-122.02201,38.16776
"394","609","TNS","Suisun Marsh",345614762.305,"Suisun Marsh",-121.938,38.16719
"395","610","TNS","Suisun Marsh",345614762.305,"Suisun Marsh",-121.88919,38.11881
"396","704","TNS","Lower Sacramento River",62543303.8104,"Confluence",-121.77501,38.06776
"397","706","TNS","Sacramento River near Rio Vista",44594324.2529,"Confluence",-121.739,38.09006
"398","707","TNS","Sacramento River near Rio Vista",44594324.2529,"Confluence",-121.70601,38.11226
"399","711","TNS","Sacramento River near Rio Vista",44594324.2529,"Confluence",-121.669,38.17336
"400","713","TNS","Lower Cache Slough",26634131.9919,"North",-121.66008,38.20712
"401","716","TNS","Liberty Island",471689277.763,"North",-121.68438,38.23787
"402","719","TNS","Lower Sacramento River Ship Channel",43530612.3389,"North",-121.64733,38.33428
"403","721","TNS","Cache Slough and Lindsey Slough",471689277.763,"North",-121.70277,38.26815
"404","723","TNS","Lower Cache Slough",26634131.9919,"North",-121.67348,38.23615
"405","795","TNS","Upper Sacramento River Ship Channel",43530612.3389,"North",-121.58468,38.5377
"406","796","TNS","Upper Sacramento River Ship Channel",43530612.3389,"North",-121.5844,38.47387
"407","797","TNS","Upper Sacramento River Ship Channel",43530612.3389,"North",-121.6156,38.40462
"408","801","TNS","Confluence",39171737.8896,"Confluence",-121.847,38.05561
"409","804","TNS","Lower San Joaquin River",46190041.3284,"Confluence",-121.794,38.02056
"410","809","TNS","San Joaquin River at Twitchell Island",41103027.9845,"SouthCentral",-121.686,38.05396
"411","812","TNS","San Joaquin River at Twitchell Island",41103027.9845,"SouthCentral",-121.64051,38.08866
"412","815","TNS","San Joaquin River at Prisoners Pt",31760556.5752,"SouthCentral",-121.56981,38.08
"413","902","TNS","Holland Cut",28298743.1694,"SouthCentral",-121.58301,38.02616
"414","906","TNS","San Joaquin River at Prisoners Pt",31760556.5752,"SouthCentral",-121.51101,38.05396
"415","910","TNS","San Joaquin River near Stockton",60038703.4436,"SouthCentral",-121.444,37.99836
"416","912","TNS","San Joaquin River near Stockton",60038703.4436,"SouthCentral",-121.364,37.96226
"417","914","TNS","Mildred Island",73617420.2724,"SouthCentral",-121.52,37.9715
"418","915","TNS","Old River",30414521.6339,"SouthCentral",-121.559,37.94056
"419","918","TNS","Victoria Canal",43252269.9663,"SouthCentral",-121.56881,37.85931
"420","919","TNS","Lower Mokelumne River",213170012.36,"SouthCentral",-121.492,38.10481
"421","AL1","Yolo","Upper Yolo Bypass",471689277.763,NA,-121.586639,38.5445
"422","AL2","Yolo","Upper Yolo Bypass",471689277.763,NA,-121.588639,38.52806
"423","AL3","Yolo","Upper Yolo Bypass",471689277.763,NA,-121.588623,38.5185
"424","AL4","Yolo","Upper Yolo Bypass",471689277.763,NA,-121.588583,38.49439
"425","Alt_Fyke","Yolo","Upper Yolo Bypass",471689277.763,NA,-121.604878,38.436971
"426","BL1","Yolo","Upper Yolo Bypass",471689277.763,NA,-121.590851,38.46681
"427","BL2","Yolo","Upper Yolo Bypass",471689277.763,NA,-121.607053,38.43189
"428","BL3","Yolo","Upper Yolo Bypass",471689277.763,NA,-121.626278,38.38939
"429","BL4","Yolo","Upper Yolo Bypass",471689277.763,NA,-121.6422,38.35496
"430","BL5","Yolo","Liberty Island",471689277.763,"North",-121.664178,38.27428
"431","BL6","Yolo","Liberty Island",471689277.763,"North",-121.663182,38.282465
"432","CCS7","Yolo",NA,NA,NA,-121.643436,38.67592
"433","FW1","Yolo",NA,NA,NA,-121.635232,38.74979
"434","LI","Yolo","Upper Yolo Bypass",471689277.763,NA,-121.588541,38.47621
"435","LIHF","Yolo","Upper Yolo Bypass",471689277.763,NA,-121.588083,38.47417
"436","LIHFS","Yolo","Upper Yolo Bypass",471689277.763,NA,-121.588083,38.47417
"437","PCS","Yolo","Upper Yolo Bypass",471689277.763,NA,-121.590934,38.466958
"438","RD22","Yolo",NA,NA,NA,-121.643972,38.676367
"439","SB","Yolo",NA,NA,NA,-121.564176,38.605219
"440","SB1","Yolo",NA,NA,NA,-121.56625,38.604167
"441","SB2","Yolo",NA,NA,NA,-121.564176,38.605219
"442","STTD","Yolo","Upper Yolo Bypass",471689277.763,NA,-121.643181,38.353383
"443","YB","Yolo","Upper Yolo Bypass",471689277.763,NA,-121.630989,38.56538
"444","YBI80","Yolo","Upper Yolo Bypass",471689277.763,NA,-121.638005,38.56531
"445","MIR","NCRO","Steamboat and Miner Slough",332493048.87,"North",-121.6660681,38.2360319
"446","SXS","NCRO","Steamboat and Miner Slough",332493048.87,"North",-121.6378941,38.1912721
"447","SOI","NCRO","Sacramento River near Ryde",184440250.0998,"North",-121.656919,38.175591
"448","FCT","NCRO","Franks Tract",94761329.0714,"SouthCentral",-121.647933,38.065612
"449","TSL","NCRO","Sacramento River near Rio Vista",44594324.2529,"Confluence",-121.686169,38.103248
"450","MOK","NCRO","Lower Mokelumne River",213170012.36,"SouthCentral",-121.576441,38.108177
"451","OBI","NCRO","Old River",30414521.6339,"SouthCentral",-121.572694,37.968979
"452","BET","NCRO","Franks Tract",94761329.0714,"SouthCentral",-121.61984,38.033354
"453","FAL","NCRO","Franks Tract",94761329.0714,"SouthCentral",-121.667129,38.055469
"454","HOL","NCRO","Holland Cut",28298743.1694,"SouthCentral",-121.582124,38.015821
"455","HLT","NCRO","Mildred Island",73617420.2724,"SouthCentral",-121.510933,38.003081
"456","ORQ","NCRO","Holland Cut",28298743.1694,"SouthCentral",-121.564731,38.027124
"457","OSJ","NCRO","Holland Cut",28298743.1694,"SouthCentral",-121.578382,38.071247
"458","BLP","NCRO","Lower San Joaquin River",46190041.3284,"Confluence",-121.719083,38.0325
"459","TRN","NCRO","Mildred Island",73617420.2724,"SouthCentral",-121.454032,37.992533
"460","WDC","NCRO","Rock Slough and Discovery Bay",61462064.9065,NA,-121.59485,37.963996
"461","HCHM","NCRO","Old River",30414521.6339,"SouthCentral",-121.581278,37.973694
"462","RSCC","NCRO","Rock Slough and Discovery Bay",61462064.9065,NA,-121.639803,37.976192
"463","DRB","NCRO","Rock Slough and Discovery Bay",61462064.9065,NA,-121.620083,37.97675
"464","PDUP","NCRO",NA,NA,NA,-121.373089,37.801027
"465","PDC","NCRO","Grant Line Canal and Old River",237261246.029,NA,-121.4122564,37.8020598
"466","SGA","NCRO",NA,NA,NA,-121.421495,37.79286
"467","ORX","NCRO","Grant Line Canal and Old River",237261246.029,NA,-121.386575,37.8109972
"468","SJD","NCRO","Upper San Joaquin River",36515129.8834,"SouthCentral",-121.3177244,37.8223312
"469","VCU","NCRO","Victoria Canal",43252269.9663,"SouthCentral",-121.53,37.870944
"470","GLC","NCRO","Grant Line Canal and Old River",237261246.029,NA,-121.544661,37.820128
"471","GLE","NCRO","Grant Line Canal and Old River",237261246.029,NA,-121.434861,37.82025
"472","MRX","NCRO","Grant Line Canal and Old River",237261246.029,NA,-121.467399,37.881425
"473","MHO","NCRO","Grant Line Canal and Old River",237261246.029,NA,-121.383288,37.876184
"474","MRU","NCRO","Grant Line Canal and Old River",237261246.029,NA,-121.3857561,37.8339408
"475","ODM","NCRO","Grant Line Canal and Old River",237261246.029,NA,-121.544417,37.810972
"476","ORM","NCRO","Grant Line Canal and Old River",237261246.029,NA,-121.5173813,37.7938408
"477","TWA","NCRO","Grant Line Canal and Old River",237261246.029,NA,-121.457444,37.802833
"478","OH1","NCRO","Grant Line Canal and Old River",237261246.029,NA,-121.331218,37.807595
"479","TPI","NCRO",NA,NA,NA,-121.41845,37.790088
"480","ORI","NCRO","Grant Line Canal and Old River",237261246.029,NA,-121.5351036,37.8318014
"481","WCI","NCRO","Victoria Canal",43252269.9663,"SouthCentral",-121.5540131,37.8316051
